{
    "theta1": -0.021448037613188378,
    "theta0": 8499.506064757234
}