{
    "theta1": -0.021304802705979384,
    "theta0": 8485.029849816523
}