{
    "theta1": -0.021448963591700912,
    "theta0": 8499.599649933076
}