{
    "theta1": -2.1448963591702305e-05,
    "theta0": 6334.001099649933
}